{"prefix": {"roocs": "urn:roocs:", "provone": "https://purl.dataone.org/provone/2015/01/15/ontology#", "dcterms": "http://purl.org/dc/terms/"}, "agent": {"roocs:C3S_CDS": {"prov:type": {"$": "prov:Organization", "type": "prov:QUALIFIED_NAME"}, "prov:label": "Copernicus Climate Data Store", "dcterms:source": "https://cds.climate.copernicus.eu"}, "roocs:Provider": {"prov:type": {"$": "prov:Agent", "type": "prov:QUALIFIED_NAME"}, "prov:label": "Provider", "dcterms:source": "Rook"}, "roocs:rook_v0.17.2": {"prov:type": {"$": "prov:SoftwareAgent", "type": "prov:QUALIFIED_NAME"}, "prov:label": "Rook", "dcterms:source": "https://github.com/roocs/rook/releases/tag/v0.17.2"}, "roocs:clisops_v0.16.1": {"prov:type": {"$": "prov:SoftwareAgent", "type": "prov:QUALIFIED_NAME"}, "prov:label": "clisops", "dcterms:source": "https://github.com/roocs/clisops/releases/tag/v0.16.1"}}, "wasAttributedTo": {"_:id1": {"prov:entity": "roocs:rook_v0.17.2", "prov:agent": "roocs:C3S_CDS"}, "_:id2": {"prov:entity": "roocs:rook_v0.17.2", "prov:agent": "roocs:Provider"}}, "entity": {"roocs:workflow_bd9006d4-3296-4ce2-a2e8-4d4aea15aafd": {"prov:type": {"$": "provone:Workflow", "type": "prov:QUALIFIED_NAME"}}, "roocs:c3s-cmip6.ScenarioMIP.NASA-GISS.GISS-E2-1-G.ssp434.r1i1p1f2.Omon.tos.gn.v20200115": {"prov:type": {"$": "provone:Data", "type": "prov:QUALIFIED_NAME"}, "prov:label": "c3s-cmip6.ScenarioMIP.NASA-GISS.GISS-E2-1-G.ssp434.r1i1p1f2.Omon.tos.gn.v20200115"}, "roocs:tos_Omon_GISS-E2-1-G_ssp434_r1i1p1f2_gn_20150116-21001216.nc": {"prov:type": {"$": "provone:Data", "type": "prov:QUALIFIED_NAME"}, "prov:label": "tos_Omon_GISS-E2-1-G_ssp434_r1i1p1f2_gn_20150116-21001216.nc"}}, "activity": {"roocs:orchestrate_bd9006d4-3296-4ce2-a2e8-4d4aea15aafd": {"prov:type": {"$": "provone:Execution", "type": "prov:QUALIFIED_NAME"}, "prov:label": "orchestrate", "prov:startTime": "2026-02-12T22:12:57", "prov:endTime": "2026-02-12T22:12:59"}, "roocs:subset_tos_1_b4f62b87-f704-4b82-8856-2751e5be7765": {"prov:type": {"$": "provone:Execution", "type": "prov:QUALIFIED_NAME"}, "prov:label": "subset_tos_1", "roocs:time": "2015/2100", "roocs:time_components": "year:2015,2016,2017,2018,2019,2020,2021,2022,2023,2024,2025,2026,2027,2028,2029,2030,2031,2032,2033,2034,2035,2036,2037,2038,2039,2040,2041,2042,2043,2044,2045,2046,2047,2048,2049,2050,2051,2052,2053,2054,2055,2056,2057,2058,2059,2060,2061,2062,2063,2064,2065,2066,2067,2068,2069,2070,2071,2072,2073,2074,2075,2076,2077,2078,2079,2080,2081,2082,2083,2084,2085,2086,2087,2088,2089,2090,2091,2092,2093,2094,2095,2096,2097,2098,2099,2100", "roocs:area": "-162,18,-154,23", "roocs:apply_fixes": false}}, "wasAssociatedWith": {"_:id3": {"prov:activity": "roocs:orchestrate_bd9006d4-3296-4ce2-a2e8-4d4aea15aafd", "prov:agent": "roocs:rook_v0.17.2", "prov:plan": "roocs:workflow_bd9006d4-3296-4ce2-a2e8-4d4aea15aafd"}, "_:id4": {"prov:activity": "roocs:subset_tos_1_b4f62b87-f704-4b82-8856-2751e5be7765", "prov:agent": "roocs:clisops_v0.16.1", "prov:plan": "roocs:workflow_bd9006d4-3296-4ce2-a2e8-4d4aea15aafd"}}, "wasDerivedFrom": {"_:id5": {"prov:generatedEntity": "roocs:tos_Omon_GISS-E2-1-G_ssp434_r1i1p1f2_gn_20150116-21001216.nc", "prov:usedEntity": "roocs:c3s-cmip6.ScenarioMIP.NASA-GISS.GISS-E2-1-G.ssp434.r1i1p1f2.Omon.tos.gn.v20200115", "prov:activity": "roocs:subset_tos_1_b4f62b87-f704-4b82-8856-2751e5be7765"}}}